A,B
payment_type,payment_lookup
Cas,Cash
CAS,Cash
Cre,Credit
CRE,Credit
No ,No Charge
Dis,Dispute
Cash,Cash
CASH,Cash
Credit,Credit
CREDIT,Credit
No Charge,No Charge
Dispute,Dispute
CRD,Credit
CSH,Cash
NOC,No Charge
DIS,Dispute
UNK,Unknown
1,Foo
2,Foo
3,Foo
4,Foo
5,Foo
6,Foo
7,Foo
8,Foo
9,Foo
10,Foo
11,Foo
12,Foo
13,Foo
14,Foo
15,Foo
16,Foo
17,Foo
18,Foo
19,Foo
20,Foo
21,Foo
22,Foo
23,Foo
24,Foo
25,Foo
26,Foo
27,Foo
28,Foo
29,Foo
30,Foo
31,Foo
32,Foo
33,Foo
34,Foo
35,Foo
36,Foo
37,Foo
38,Foo
39,Foo
40,Foo
41,Foo
42,Foo
43,Foo
44,Foo
45,Foo
46,Foo
47,Foo
48,Foo
49,Foo
50,Foo
51,Foo
52,Foo
53,Foo
54,Foo
55,Foo
56,Foo
57,Foo
58,Foo
59,Foo
60,Foo
61,Foo
62,Foo
63,Foo
64,Foo
65,Foo
66,Foo
67,Foo
68,Foo
69,Foo
70,Foo
71,Foo
72,Foo
73,Foo
74,Foo
75,Foo
76,Foo
77,Foo
78,Foo
79,Foo
80,Foo
81,Foo
82,Foo
83,Foo
84,Foo
85,Foo
86,Foo
87,Foo
88,Foo
89,Foo
90,Foo
91,Foo
92,Foo
93,Foo
94,Foo
95,Foo
96,Foo
97,Foo
98,Foo
99,Foo
100,Foo
101,Foo
102,Foo
103,Foo
104,Foo
105,Foo
106,Foo
107,Foo
108,Foo
109,Foo
110,Foo
111,Foo
112,Foo
113,Foo
114,Foo
115,Foo
116,Foo
117,Foo
118,Foo
119,Foo
120,Foo
121,Foo
122,Foo
123,Foo
124,Foo
125,Foo
126,Foo
127,Foo
128,Foo
129,Foo
130,Foo
131,Foo
132,Foo
133,Foo
134,Foo
135,Foo
136,Foo
137,Foo
138,Foo
139,Foo
140,Foo
141,Foo
142,Foo
143,Foo
144,Foo
145,Foo
146,Foo
147,Foo
148,Foo
149,Foo
150,Foo
151,Foo
152,Foo
153,Foo
154,Foo
155,Foo
156,Foo
157,Foo
158,Foo
159,Foo
160,Foo
161,Foo
162,Foo
163,Foo
164,Foo
165,Foo
166,Foo
167,Foo
168,Foo
169,Foo
170,Foo
171,Foo
172,Foo
173,Foo
174,Foo
175,Foo
176,Foo
177,Foo
178,Foo
179,Foo
180,Foo
181,Foo
182,Foo
183,Foo
184,Foo
185,Foo
186,Foo
187,Foo
188,Foo
189,Foo
190,Foo
191,Foo
192,Foo
193,Foo
194,Foo
195,Foo
196,Foo
197,Foo
198,Foo
199,Foo
200,Foo
201,Foo
202,Foo
203,Foo
204,Foo
205,Foo
206,Foo
207,Foo
208,Foo
209,Foo
210,Foo
211,Foo
212,Foo
213,Foo
214,Foo
215,Foo
216,Foo
217,Foo
218,Foo
219,Foo
220,Foo
221,Foo
222,Foo
223,Foo
224,Foo
225,Foo
226,Foo
227,Foo
228,Foo
229,Foo
230,Foo
231,Foo
232,Foo
233,Foo
234,Foo
235,Foo
236,Foo
237,Foo
238,Foo
239,Foo
240,Foo
241,Foo
242,Foo
243,Foo
244,Foo
245,Foo
246,Foo
247,Foo
248,Foo
249,Foo
250,Foo
251,Foo
252,Foo
253,Foo
254,Foo
255,Foo
256,Foo
257,Foo
258,Foo
259,Foo
260,Foo
261,Foo
262,Foo
263,Foo
264,Foo
265,Foo
266,Foo
267,Foo
268,Foo
269,Foo
270,Foo
271,Foo
272,Foo
273,Foo
274,Foo
275,Foo
276,Foo
277,Foo
278,Foo
279,Foo
280,Foo
281,Foo
282,Foo
283,Foo
284,Foo
285,Foo
286,Foo
287,Foo
288,Foo
289,Foo
290,Foo
291,Foo
292,Foo
293,Foo
294,Foo
295,Foo
296,Foo
297,Foo
298,Foo
299,Foo
300,Foo
301,Foo
302,Foo
303,Foo
304,Foo
305,Foo
306,Foo
307,Foo
308,Foo
309,Foo
310,Foo
311,Foo
312,Foo
313,Foo
314,Foo
315,Foo
316,Foo
317,Foo
318,Foo
319,Foo
320,Foo
321,Foo
322,Foo
323,Foo
324,Foo
325,Foo
326,Foo
327,Foo
328,Foo
329,Foo
330,Foo
331,Foo
332,Foo
333,Foo
334,Foo
335,Foo
336,Foo
337,Foo
338,Foo
339,Foo
340,Foo
341,Foo
342,Foo
343,Foo
344,Foo
345,Foo
346,Foo
347,Foo
348,Foo
349,Foo
350,Foo
351,Foo
352,Foo
353,Foo
354,Foo
355,Foo
356,Foo
357,Foo
358,Foo
359,Foo
360,Foo
361,Foo
362,Foo
363,Foo
364,Foo
365,Foo
366,Foo
367,Foo
368,Foo
369,Foo
370,Foo
371,Foo
372,Foo
373,Foo
374,Foo
375,Foo
376,Foo
377,Foo
378,Foo
379,Foo
380,Foo
381,Foo
382,Foo
383,Foo
384,Foo
385,Foo
386,Foo
387,Foo
388,Foo
389,Foo
390,Foo
391,Foo
392,Foo
393,Foo
394,Foo
395,Foo
396,Foo
397,Foo
398,Foo
399,Foo
400,Foo
401,Foo
402,Foo
403,Foo
404,Foo
405,Foo
406,Foo
407,Foo
408,Foo
409,Foo
410,Foo
411,Foo
412,Foo
413,Foo
414,Foo
415,Foo
416,Foo
417,Foo
418,Foo
419,Foo
420,Foo
421,Foo
422,Foo
423,Foo
424,Foo
425,Foo
426,Foo
427,Foo
428,Foo
429,Foo
430,Foo
431,Foo
432,Foo
433,Foo
434,Foo
435,Foo
436,Foo
437,Foo
438,Foo
439,Foo
440,Foo
441,Foo
442,Foo
443,Foo
444,Foo
445,Foo
446,Foo
447,Foo
448,Foo
449,Foo
450,Foo
451,Foo
452,Foo
453,Foo
454,Foo
455,Foo
456,Foo
457,Foo
458,Foo
459,Foo
460,Foo
461,Foo
462,Foo
463,Foo
464,Foo
465,Foo
466,Foo
467,Foo
468,Foo
469,Foo
470,Foo
471,Foo
472,Foo
473,Foo
474,Foo
475,Foo
476,Foo
477,Foo
478,Foo
479,Foo
480,Foo
481,Foo
482,Foo
483,Foo
484,Foo
485,Foo
486,Foo
487,Foo
488,Foo
489,Foo
490,Foo
491,Foo
492,Foo
493,Foo
494,Foo
495,Foo
496,Foo
497,Foo
498,Foo
499,Foo
500,Foo
501,Foo
502,Foo
503,Foo
504,Foo
505,Foo
506,Foo
507,Foo
508,Foo
509,Foo
510,Foo
511,Foo
512,Foo
513,Foo
514,Foo
515,Foo
516,Foo
517,Foo
518,Foo
519,Foo
520,Foo
521,Foo
522,Foo
523,Foo
524,Foo
525,Foo
526,Foo
527,Foo
528,Foo
529,Foo
530,Foo
531,Foo
532,Foo
533,Foo
534,Foo
535,Foo
536,Foo
537,Foo
538,Foo
539,Foo
540,Foo
541,Foo
542,Foo
543,Foo
544,Foo
545,Foo
546,Foo
547,Foo
548,Foo
549,Foo
550,Foo
551,Foo
552,Foo
553,Foo
554,Foo
555,Foo
556,Foo
557,Foo
558,Foo
559,Foo
560,Foo
561,Foo
562,Foo
563,Foo
564,Foo
565,Foo
566,Foo
567,Foo
568,Foo
569,Foo
570,Foo
571,Foo
572,Foo
573,Foo
574,Foo
575,Foo
576,Foo
577,Foo
578,Foo
579,Foo
580,Foo
581,Foo
582,Foo
583,Foo
584,Foo
585,Foo
586,Foo
587,Foo
588,Foo
589,Foo
590,Foo
591,Foo
592,Foo
593,Foo
594,Foo
595,Foo
596,Foo
597,Foo
598,Foo
599,Foo
600,Foo
601,Foo
602,Foo
603,Foo
604,Foo
605,Foo
606,Foo
607,Foo
608,Foo
609,Foo
610,Foo
611,Foo
612,Foo
613,Foo
614,Foo
615,Foo
616,Foo
617,Foo
618,Foo
619,Foo
620,Foo
621,Foo
622,Foo
623,Foo
624,Foo
625,Foo
626,Foo
627,Foo
628,Foo
629,Foo
630,Foo
631,Foo
632,Foo
633,Foo
634,Foo
635,Foo
636,Foo
637,Foo
638,Foo
639,Foo
640,Foo
641,Foo
642,Foo
643,Foo
644,Foo
645,Foo
646,Foo
647,Foo
648,Foo
649,Foo
650,Foo
651,Foo
652,Foo
653,Foo
654,Foo
655,Foo
656,Foo
657,Foo
658,Foo
659,Foo
660,Foo
661,Foo
662,Foo
663,Foo
664,Foo
665,Foo
666,Foo
667,Foo
668,Foo
669,Foo
670,Foo
671,Foo
672,Foo
673,Foo
674,Foo
675,Foo
676,Foo
677,Foo
678,Foo
679,Foo
680,Foo
681,Foo
682,Foo
683,Foo
684,Foo
685,Foo
686,Foo
687,Foo
688,Foo
689,Foo
690,Foo
691,Foo
692,Foo
693,Foo
694,Foo
695,Foo
696,Foo
697,Foo
698,Foo
699,Foo
700,Foo
701,Foo
702,Foo
703,Foo
704,Foo
705,Foo
706,Foo
707,Foo
708,Foo
709,Foo
710,Foo
711,Foo
712,Foo
713,Foo
714,Foo
715,Foo
716,Foo
717,Foo
718,Foo
719,Foo
720,Foo
721,Foo
722,Foo
723,Foo
724,Foo
725,Foo
726,Foo
727,Foo
728,Foo
729,Foo
730,Foo
731,Foo
732,Foo
733,Foo
734,Foo
735,Foo
736,Foo
737,Foo
738,Foo
739,Foo
740,Foo
741,Foo
742,Foo
743,Foo
744,Foo
745,Foo
746,Foo
747,Foo
748,Foo
749,Foo
750,Foo
751,Foo
752,Foo
753,Foo
754,Foo
755,Foo
756,Foo
757,Foo
758,Foo
759,Foo
760,Foo
761,Foo
762,Foo
763,Foo
764,Foo
765,Foo
766,Foo
767,Foo
768,Foo
769,Foo
770,Foo
771,Foo
772,Foo
773,Foo
774,Foo
775,Foo
776,Foo
777,Foo
778,Foo
779,Foo
780,Foo
781,Foo
782,Foo
783,Foo
784,Foo
785,Foo
786,Foo
787,Foo
788,Foo
789,Foo
790,Foo
791,Foo
792,Foo
793,Foo
794,Foo
795,Foo
796,Foo
797,Foo
798,Foo
799,Foo
800,Foo
801,Foo
802,Foo
803,Foo
804,Foo
805,Foo
806,Foo
807,Foo
808,Foo
809,Foo
810,Foo
811,Foo
812,Foo
813,Foo
814,Foo
815,Foo
816,Foo
817,Foo
818,Foo
819,Foo
820,Foo
821,Foo
822,Foo
823,Foo
824,Foo
825,Foo
826,Foo
827,Foo
828,Foo
829,Foo
830,Foo
831,Foo
832,Foo
833,Foo
834,Foo
835,Foo
836,Foo
837,Foo
838,Foo
839,Foo
840,Foo
841,Foo
842,Foo
843,Foo
844,Foo
845,Foo
846,Foo
847,Foo
848,Foo
849,Foo
850,Foo
851,Foo
852,Foo
853,Foo
854,Foo
855,Foo
856,Foo
857,Foo
858,Foo
859,Foo
860,Foo
861,Foo
862,Foo
863,Foo
864,Foo
865,Foo
866,Foo
867,Foo
868,Foo
869,Foo
870,Foo
871,Foo
872,Foo
873,Foo
874,Foo
875,Foo
876,Foo
877,Foo
878,Foo
879,Foo
880,Foo
881,Foo
882,Foo
883,Foo
884,Foo
885,Foo
886,Foo
887,Foo
888,Foo
889,Foo
890,Foo
891,Foo
892,Foo
893,Foo
894,Foo
895,Foo
896,Foo
897,Foo
898,Foo
899,Foo
900,Foo
901,Foo
902,Foo
903,Foo
904,Foo
905,Foo
906,Foo
907,Foo
908,Foo
909,Foo
910,Foo
911,Foo
912,Foo
913,Foo
914,Foo
915,Foo
916,Foo
917,Foo
918,Foo
919,Foo
920,Foo
921,Foo
922,Foo
923,Foo
924,Foo
925,Foo
926,Foo
927,Foo
928,Foo
929,Foo
930,Foo
931,Foo
932,Foo
933,Foo
934,Foo
935,Foo
936,Foo
937,Foo
938,Foo
939,Foo
940,Foo
941,Foo
942,Foo
943,Foo
944,Foo
945,Foo
946,Foo
947,Foo
948,Foo
949,Foo
950,Foo
951,Foo
952,Foo
953,Foo
954,Foo
955,Foo
956,Foo
957,Foo
958,Foo
959,Foo
960,Foo
961,Foo
962,Foo
963,Foo
964,Foo
965,Foo
966,Foo
967,Foo
968,Foo
969,Foo
970,Foo
971,Foo
972,Foo
973,Foo
974,Foo
975,Foo
976,Foo
977,Foo
978,Foo
979,Foo
980,Foo
981,Foo
982,Foo
983,Foo
984,Foo
985,Foo
986,Foo
987,Foo
988,Foo
989,Foo
990,Foo
991,Foo
992,Foo
993,Foo
994,Foo
995,Foo
996,Foo
997,Foo
998,Foo
999,Foo
1000,Foo
1001,Foo
1002,Foo
1003,Foo
1004,Foo
1005,Foo
1006,Foo
1007,Foo
1008,Foo
1009,Foo
1010,Foo
1011,Foo
1012,Foo
1013,Foo
1014,Foo
1015,Foo
1016,Foo
1017,Foo
1018,Foo
1019,Foo
1020,Foo
1021,Foo
1022,Foo
1023,Foo
1024,Foo
1025,Foo
1026,Foo
1027,Foo
1028,Foo
1029,Foo
1030,Foo
1031,Foo
1032,Foo
1033,Foo
1034,Foo
1035,Foo
1036,Foo
1037,Foo
1038,Foo
1039,Foo
1040,Foo
1041,Foo
1042,Foo
1043,Foo
1044,Foo
1045,Foo
1046,Foo
1047,Foo
1048,Foo
1049,Foo
1050,Foo
1051,Foo
1052,Foo
1053,Foo
1054,Foo
1055,Foo
1056,Foo
1057,Foo
1058,Foo
1059,Foo
1060,Foo
1061,Foo
1062,Foo
1063,Foo
1064,Foo
1065,Foo
1066,Foo
1067,Foo
1068,Foo
1069,Foo
1070,Foo
1071,Foo
1072,Foo
1073,Foo
1074,Foo
1075,Foo
1076,Foo
1077,Foo
1078,Foo
1079,Foo
1080,Foo
1081,Foo
1082,Foo
1083,Foo
1084,Foo
1085,Foo
1086,Foo
1087,Foo
1088,Foo
1089,Foo
1090,Foo
1091,Foo
1092,Foo
1093,Foo
1094,Foo
1095,Foo
1096,Foo
1097,Foo
1098,Foo
1099,Foo
1100,Foo
1101,Foo
1102,Foo
1103,Foo
1104,Foo
1105,Foo
1106,Foo
1107,Foo
1108,Foo
1109,Foo
1110,Foo
1111,Foo
1112,Foo
1113,Foo
1114,Foo
1115,Foo
1116,Foo
1117,Foo
1118,Foo
1119,Foo
1120,Foo
1121,Foo
1122,Foo
1123,Foo
1124,Foo
1125,Foo
1126,Foo
1127,Foo
1128,Foo
1129,Foo
1130,Foo
1131,Foo
1132,Foo
1133,Foo
1134,Foo
1135,Foo
1136,Foo
1137,Foo
1138,Foo
1139,Foo
1140,Foo
1141,Foo
1142,Foo
1143,Foo
1144,Foo
1145,Foo
1146,Foo
1147,Foo
1148,Foo
1149,Foo
1150,Foo
1151,Foo
1152,Foo
1153,Foo
1154,Foo
1155,Foo
1156,Foo
1157,Foo
1158,Foo
1159,Foo
1160,Foo
1161,Foo
1162,Foo
1163,Foo
1164,Foo
1165,Foo
1166,Foo
1167,Foo
1168,Foo
1169,Foo
1170,Foo
1171,Foo
1172,Foo
1173,Foo
1174,Foo
1175,Foo
1176,Foo
1177,Foo
1178,Foo
1179,Foo
1180,Foo
1181,Foo
1182,Foo
1183,Foo
1184,Foo
1185,Foo
1186,Foo
1187,Foo
1188,Foo
1189,Foo
1190,Foo
1191,Foo
1192,Foo
1193,Foo
1194,Foo
1195,Foo
1196,Foo
1197,Foo
1198,Foo
1199,Foo
1200,Foo
1201,Foo
1202,Foo
1203,Foo
1204,Foo
1205,Foo
1206,Foo
1207,Foo
1208,Foo
1209,Foo
1210,Foo
1211,Foo
1212,Foo
1213,Foo
1214,Foo
1215,Foo
1216,Foo
1217,Foo
1218,Foo
1219,Foo
1220,Foo
1221,Foo
1222,Foo
1223,Foo
1224,Foo
1225,Foo
1226,Foo
1227,Foo
1228,Foo
1229,Foo
1230,Foo
1231,Foo
1232,Foo
1233,Foo
1234,Foo
1235,Foo
1236,Foo
1237,Foo
1238,Foo
1239,Foo
1240,Foo
1241,Foo
1242,Foo
1243,Foo
1244,Foo
1245,Foo
1246,Foo
1247,Foo
1248,Foo
1249,Foo
1250,Foo
1251,Foo
1252,Foo
1253,Foo
1254,Foo
1255,Foo
1256,Foo
1257,Foo
1258,Foo
1259,Foo
1260,Foo
1261,Foo
1262,Foo
1263,Foo
1264,Foo
1265,Foo
1266,Foo
1267,Foo
1268,Foo
1269,Foo
1270,Foo
1271,Foo
1272,Foo
1273,Foo
1274,Foo
1275,Foo
1276,Foo
1277,Foo
1278,Foo
1279,Foo
1280,Foo
1281,Foo
1282,Foo
1283,Foo
1284,Foo
1285,Foo
1286,Foo
1287,Foo
1288,Foo
1289,Foo
1290,Foo
1291,Foo
1292,Foo
1293,Foo
1294,Foo
1295,Foo
1296,Foo
1297,Foo
1298,Foo
1299,Foo
1300,Foo
1301,Foo
1302,Foo
1303,Foo
1304,Foo
1305,Foo
1306,Foo
1307,Foo
1308,Foo
1309,Foo
1310,Foo
1311,Foo
1312,Foo
1313,Foo
1314,Foo
1315,Foo
1316,Foo
1317,Foo
1318,Foo
1319,Foo
1320,Foo
1321,Foo
1322,Foo
1323,Foo
1324,Foo
1325,Foo
1326,Foo
1327,Foo
1328,Foo
1329,Foo
1330,Foo
1331,Foo
1332,Foo
1333,Foo
1334,Foo
1335,Foo
1336,Foo
1337,Foo
1338,Foo
1339,Foo
1340,Foo
1341,Foo
1342,Foo
1343,Foo
1344,Foo
1345,Foo
1346,Foo
1347,Foo
1348,Foo
1349,Foo
1350,Foo
1351,Foo
1352,Foo
1353,Foo
1354,Foo
1355,Foo
1356,Foo
1357,Foo
1358,Foo
1359,Foo
1360,Foo
1361,Foo
1362,Foo
1363,Foo
1364,Foo
1365,Foo
1366,Foo
1367,Foo
1368,Foo
1369,Foo
1370,Foo
1371,Foo
1372,Foo
1373,Foo
1374,Foo
1375,Foo
1376,Foo
1377,Foo
1378,Foo
1379,Foo
1380,Foo
1381,Foo
1382,Foo
1383,Foo
1384,Foo
1385,Foo
1386,Foo
1387,Foo
1388,Foo
1389,Foo
1390,Foo
1391,Foo
1392,Foo
1393,Foo
1394,Foo
1395,Foo
1396,Foo
1397,Foo
1398,Foo
1399,Foo
1400,Foo
1401,Foo
1402,Foo
1403,Foo
1404,Foo
1405,Foo
1406,Foo
1407,Foo
1408,Foo
1409,Foo
1410,Foo
1411,Foo
1412,Foo
1413,Foo
1414,Foo
1415,Foo
1416,Foo
1417,Foo
1418,Foo
1419,Foo
1420,Foo
1421,Foo
1422,Foo
1423,Foo
1424,Foo
1425,Foo
1426,Foo
1427,Foo
1428,Foo
1429,Foo
1430,Foo
1431,Foo
1432,Foo
1433,Foo
1434,Foo
1435,Foo
1436,Foo
1437,Foo
1438,Foo
1439,Foo
1440,Foo
1441,Foo
1442,Foo
1443,Foo
1444,Foo
1445,Foo
1446,Foo
1447,Foo
1448,Foo
1449,Foo
1450,Foo
1451,Foo
1452,Foo
1453,Foo
1454,Foo
1455,Foo
1456,Foo
1457,Foo
1458,Foo
1459,Foo
1460,Foo
1461,Foo
1462,Foo
1463,Foo
1464,Foo
1465,Foo
1466,Foo
1467,Foo
1468,Foo
1469,Foo
1470,Foo
1471,Foo
1472,Foo
1473,Foo
1474,Foo
1475,Foo
1476,Foo
1477,Foo
1478,Foo
1479,Foo
1480,Foo
1481,Foo
1482,Foo
1483,Foo
1484,Foo
1485,Foo
1486,Foo
1487,Foo
1488,Foo
1489,Foo
1490,Foo
1491,Foo
1492,Foo
1493,Foo
1494,Foo
1495,Foo
1496,Foo
1497,Foo
1498,Foo
1499,Foo
1500,Foo
1501,Foo
1502,Foo
1503,Foo
1504,Foo
1505,Foo
1506,Foo
1507,Foo
1508,Foo
1509,Foo
1510,Foo
1511,Foo
1512,Foo
1513,Foo
1514,Foo
1515,Foo
1516,Foo
1517,Foo
1518,Foo
1519,Foo
1520,Foo
1521,Foo
1522,Foo
1523,Foo
1524,Foo
1525,Foo
1526,Foo
1527,Foo
1528,Foo
1529,Foo
1530,Foo
1531,Foo
1532,Foo
1533,Foo
1534,Foo
1535,Foo
1536,Foo
1537,Foo
1538,Foo
1539,Foo
1540,Foo
1541,Foo
1542,Foo
1543,Foo
1544,Foo
1545,Foo
1546,Foo
1547,Foo
1548,Foo
1549,Foo
1550,Foo
1551,Foo
1552,Foo
1553,Foo
1554,Foo
1555,Foo
1556,Foo
1557,Foo
1558,Foo
1559,Foo
1560,Foo
1561,Foo
1562,Foo
1563,Foo
1564,Foo
1565,Foo
1566,Foo
1567,Foo
1568,Foo
1569,Foo
1570,Foo
1571,Foo
1572,Foo
1573,Foo
1574,Foo
1575,Foo
1576,Foo
1577,Foo
1578,Foo
1579,Foo
1580,Foo
1581,Foo
1582,Foo
1583,Foo
1584,Foo
1585,Foo
1586,Foo
1587,Foo
1588,Foo
1589,Foo
1590,Foo
1591,Foo
1592,Foo
1593,Foo
1594,Foo
1595,Foo
1596,Foo
1597,Foo
1598,Foo
1599,Foo
1600,Foo
1601,Foo
1602,Foo
1603,Foo
1604,Foo
1605,Foo
1606,Foo
1607,Foo
1608,Foo
1609,Foo
1610,Foo
1611,Foo
1612,Foo
1613,Foo
1614,Foo
1615,Foo
1616,Foo
1617,Foo
1618,Foo
1619,Foo
1620,Foo
1621,Foo
1622,Foo
1623,Foo
1624,Foo
1625,Foo
1626,Foo
1627,Foo
1628,Foo
1629,Foo
1630,Foo
1631,Foo
1632,Foo
1633,Foo
1634,Foo
1635,Foo
1636,Foo
1637,Foo
1638,Foo
1639,Foo
1640,Foo
1641,Foo
1642,Foo
1643,Foo
1644,Foo
1645,Foo
1646,Foo
1647,Foo
1648,Foo
1649,Foo
1650,Foo
1651,Foo
1652,Foo
1653,Foo
1654,Foo
1655,Foo
1656,Foo
1657,Foo
1658,Foo
1659,Foo
1660,Foo
1661,Foo
1662,Foo
1663,Foo
1664,Foo
1665,Foo
1666,Foo
1667,Foo
1668,Foo
1669,Foo
1670,Foo
1671,Foo
1672,Foo
1673,Foo
1674,Foo
1675,Foo
1676,Foo
1677,Foo
1678,Foo
1679,Foo
1680,Foo
1681,Foo
1682,Foo
1683,Foo
1684,Foo
1685,Foo
1686,Foo
1687,Foo
1688,Foo
1689,Foo
1690,Foo
1691,Foo
1692,Foo
1693,Foo
1694,Foo
1695,Foo
1696,Foo
1697,Foo
1698,Foo
1699,Foo
1700,Foo
1701,Foo
1702,Foo
1703,Foo
1704,Foo
1705,Foo
1706,Foo
1707,Foo
1708,Foo
1709,Foo
1710,Foo
1711,Foo
1712,Foo
1713,Foo
1714,Foo
1715,Foo
1716,Foo
1717,Foo
1718,Foo
1719,Foo
1720,Foo
1721,Foo
1722,Foo
1723,Foo
1724,Foo
1725,Foo
1726,Foo
1727,Foo
1728,Foo
1729,Foo
1730,Foo
1731,Foo
1732,Foo
1733,Foo
1734,Foo
1735,Foo
1736,Foo
1737,Foo
1738,Foo
1739,Foo
1740,Foo
1741,Foo
1742,Foo
1743,Foo
1744,Foo
1745,Foo
1746,Foo
1747,Foo
1748,Foo
1749,Foo
1750,Foo
1751,Foo
1752,Foo
1753,Foo
1754,Foo
1755,Foo
1756,Foo
1757,Foo
1758,Foo
1759,Foo
1760,Foo
1761,Foo
1762,Foo
1763,Foo
1764,Foo
1765,Foo
1766,Foo
1767,Foo
1768,Foo
1769,Foo
1770,Foo
1771,Foo
1772,Foo
1773,Foo
1774,Foo
1775,Foo
1776,Foo
1777,Foo
1778,Foo
1779,Foo
1780,Foo
1781,Foo
1782,Foo
1783,Foo
1784,Foo
1785,Foo
1786,Foo
1787,Foo
1788,Foo
1789,Foo
1790,Foo
1791,Foo
1792,Foo
1793,Foo
1794,Foo
1795,Foo
1796,Foo
1797,Foo
1798,Foo
1799,Foo
1800,Foo
1801,Foo
1802,Foo
1803,Foo
1804,Foo
1805,Foo
1806,Foo
1807,Foo
1808,Foo
1809,Foo
1810,Foo
1811,Foo
1812,Foo
1813,Foo
1814,Foo
1815,Foo
1816,Foo
1817,Foo
1818,Foo
1819,Foo
1820,Foo
1821,Foo
1822,Foo
1823,Foo
1824,Foo
1825,Foo
1826,Foo
1827,Foo
1828,Foo
1829,Foo
1830,Foo
1831,Foo
1832,Foo
1833,Foo
1834,Foo
1835,Foo
1836,Foo
1837,Foo
1838,Foo
1839,Foo
1840,Foo
1841,Foo
1842,Foo
1843,Foo
1844,Foo
1845,Foo
1846,Foo
1847,Foo
1848,Foo
1849,Foo
1850,Foo
1851,Foo
1852,Foo
1853,Foo
1854,Foo
1855,Foo
1856,Foo
1857,Foo
1858,Foo
1859,Foo
1860,Foo
1861,Foo
1862,Foo
1863,Foo
1864,Foo
1865,Foo
1866,Foo
1867,Foo
1868,Foo
1869,Foo
1870,Foo
1871,Foo
1872,Foo
1873,Foo
1874,Foo
1875,Foo
1876,Foo
1877,Foo
1878,Foo
1879,Foo
1880,Foo
1881,Foo
1882,Foo
1883,Foo
1884,Foo
1885,Foo
1886,Foo
1887,Foo
1888,Foo
1889,Foo
1890,Foo
1891,Foo
1892,Foo
1893,Foo
1894,Foo
1895,Foo
1896,Foo
1897,Foo
1898,Foo
1899,Foo
1900,Foo
1901,Foo
1902,Foo
1903,Foo
1904,Foo
1905,Foo
1906,Foo
1907,Foo
1908,Foo
1909,Foo
1910,Foo
1911,Foo
1912,Foo
1913,Foo
1914,Foo
1915,Foo
1916,Foo
1917,Foo
1918,Foo
1919,Foo
1920,Foo
1921,Foo
1922,Foo
1923,Foo
1924,Foo
1925,Foo
1926,Foo
1927,Foo
1928,Foo
1929,Foo
1930,Foo
1931,Foo
1932,Foo
1933,Foo
1934,Foo
1935,Foo
1936,Foo
1937,Foo
1938,Foo
1939,Foo
1940,Foo
1941,Foo
1942,Foo
1943,Foo
1944,Foo
1945,Foo
1946,Foo
1947,Foo
1948,Foo
1949,Foo
1950,Foo
1951,Foo
1952,Foo
1953,Foo
1954,Foo
1955,Foo
1956,Foo
1957,Foo
1958,Foo
1959,Foo
1960,Foo
1961,Foo
1962,Foo
1963,Foo
1964,Foo
1965,Foo
1966,Foo
1967,Foo
1968,Foo
1969,Foo
1970,Foo
1971,Foo
1972,Foo
1973,Foo
1974,Foo
1975,Foo
1976,Foo
1977,Foo
1978,Foo
1979,Foo
1980,Foo
1981,Foo
1982,Foo
1983,Foo
1984,Foo
1985,Foo
1986,Foo
1987,Foo
1988,Foo
1989,Foo
1990,Foo
1991,Foo
1992,Foo
1993,Foo
1994,Foo
1995,Foo
1996,Foo
1997,Foo
1998,Foo
1999,Foo
2000,Foo
2001,Foo
2002,Foo
2003,Foo
2004,Foo
2005,Foo
2006,Foo
2007,Foo
2008,Foo
2009,Foo
2010,Foo
2011,Foo
2012,Foo
2013,Foo
2014,Foo
2015,Foo
2016,Foo
2017,Foo
2018,Foo
2019,Foo
2020,Foo
2021,Foo
2022,Foo
2023,Foo
2024,Foo
2025,Foo
2026,Foo
2027,Foo
2028,Foo
2029,Foo
2030,Foo
2031,Foo
2032,Foo
2033,Foo
2034,Foo
2035,Foo
2036,Foo
2037,Foo
2038,Foo
2039,Foo
2040,Foo
2041,Foo
2042,Foo
2043,Foo
2044,Foo
2045,Foo
2046,Foo
2047,Foo
2048,Foo
2049,Foo
2050,Foo
2051,Foo
2052,Foo
2053,Foo
2054,Foo
2055,Foo
2056,Foo
2057,Foo
2058,Foo
2059,Foo
2060,Foo
2061,Foo
2062,Foo
2063,Foo
2064,Foo
2065,Foo
2066,Foo
2067,Foo
2068,Foo
2069,Foo
2070,Foo
2071,Foo
2072,Foo
2073,Foo
2074,Foo
2075,Foo
2076,Foo
2077,Foo
2078,Foo
2079,Foo
2080,Foo
2081,Foo
2082,Foo
2083,Foo
2084,Foo
2085,Foo
2086,Foo
2087,Foo
2088,Foo
2089,Foo
2090,Foo
2091,Foo
2092,Foo
2093,Foo
2094,Foo
2095,Foo
2096,Foo
2097,Foo
2098,Foo
2099,Foo
2100,Foo
2101,Foo
2102,Foo
2103,Foo
2104,Foo
2105,Foo
2106,Foo
2107,Foo
2108,Foo
2109,Foo
2110,Foo
2111,Foo
2112,Foo
2113,Foo
2114,Foo
2115,Foo
2116,Foo
2117,Foo
2118,Foo
2119,Foo
2120,Foo
2121,Foo
2122,Foo
2123,Foo
2124,Foo
2125,Foo
2126,Foo
2127,Foo
2128,Foo
2129,Foo
2130,Foo
2131,Foo
2132,Foo
2133,Foo
2134,Foo
2135,Foo
2136,Foo
2137,Foo
2138,Foo
2139,Foo
2140,Foo
2141,Foo
2142,Foo
2143,Foo
2144,Foo
2145,Foo
2146,Foo
2147,Foo
2148,Foo
2149,Foo
2150,Foo
2151,Foo
2152,Foo
2153,Foo
2154,Foo
2155,Foo
2156,Foo
2157,Foo
2158,Foo
2159,Foo
2160,Foo
2161,Foo
2162,Foo
2163,Foo
2164,Foo
2165,Foo
2166,Foo
2167,Foo
2168,Foo
2169,Foo
2170,Foo
2171,Foo
2172,Foo
2173,Foo
2174,Foo
2175,Foo
2176,Foo
2177,Foo
2178,Foo
2179,Foo
2180,Foo
2181,Foo
2182,Foo
2183,Foo
2184,Foo
2185,Foo
2186,Foo
2187,Foo
2188,Foo
2189,Foo
2190,Foo
2191,Foo
2192,Foo
2193,Foo
2194,Foo
2195,Foo
2196,Foo
2197,Foo
2198,Foo
2199,Foo
2200,Foo
2201,Foo
2202,Foo
2203,Foo
2204,Foo
2205,Foo
2206,Foo
2207,Foo
2208,Foo
2209,Foo
2210,Foo
2211,Foo
2212,Foo
2213,Foo
2214,Foo
2215,Foo
2216,Foo
2217,Foo
2218,Foo
2219,Foo
2220,Foo
2221,Foo
2222,Foo
2223,Foo
2224,Foo
2225,Foo
2226,Foo
2227,Foo
2228,Foo
2229,Foo
2230,Foo
2231,Foo
2232,Foo
2233,Foo
2234,Foo
2235,Foo
2236,Foo
2237,Foo
2238,Foo
2239,Foo
2240,Foo
2241,Foo
2242,Foo
2243,Foo
2244,Foo
2245,Foo
2246,Foo
2247,Foo
2248,Foo
2249,Foo
2250,Foo
2251,Foo
2252,Foo
2253,Foo
2254,Foo
2255,Foo
2256,Foo
2257,Foo
2258,Foo
2259,Foo
2260,Foo
2261,Foo
2262,Foo
2263,Foo
2264,Foo
2265,Foo
2266,Foo
2267,Foo
2268,Foo
2269,Foo
2270,Foo
2271,Foo
2272,Foo
2273,Foo
2274,Foo
2275,Foo
2276,Foo
2277,Foo
2278,Foo
2279,Foo
2280,Foo
2281,Foo
2282,Foo
2283,Foo
2284,Foo
2285,Foo
2286,Foo
2287,Foo
2288,Foo
2289,Foo
2290,Foo
2291,Foo
2292,Foo
2293,Foo
2294,Foo
2295,Foo
2296,Foo
2297,Foo
2298,Foo
2299,Foo
2300,Foo
2301,Foo
2302,Foo
2303,Foo
2304,Foo
2305,Foo
2306,Foo
2307,Foo
2308,Foo
2309,Foo
2310,Foo
2311,Foo
2312,Foo
2313,Foo
2314,Foo
2315,Foo
2316,Foo
2317,Foo
2318,Foo
2319,Foo
2320,Foo
2321,Foo
2322,Foo
2323,Foo
2324,Foo
2325,Foo
2326,Foo
2327,Foo
2328,Foo
2329,Foo
2330,Foo
2331,Foo
2332,Foo
2333,Foo
2334,Foo
2335,Foo
2336,Foo
2337,Foo
2338,Foo
2339,Foo
2340,Foo
2341,Foo
2342,Foo
2343,Foo
2344,Foo
2345,Foo
2346,Foo
2347,Foo
2348,Foo
2349,Foo
2350,Foo
2351,Foo
2352,Foo
2353,Foo
2354,Foo
2355,Foo
2356,Foo
2357,Foo
2358,Foo
2359,Foo
2360,Foo
2361,Foo
2362,Foo
2363,Foo
2364,Foo
2365,Foo
2366,Foo
2367,Foo
2368,Foo
2369,Foo
2370,Foo
2371,Foo
2372,Foo
2373,Foo
2374,Foo
2375,Foo
2376,Foo
2377,Foo
2378,Foo
2379,Foo
2380,Foo
2381,Foo
2382,Foo
2383,Foo
2384,Foo
2385,Foo
2386,Foo
2387,Foo
2388,Foo
2389,Foo
2390,Foo
2391,Foo
2392,Foo
2393,Foo
2394,Foo
2395,Foo
2396,Foo
2397,Foo
2398,Foo
2399,Foo
2400,Foo
2401,Foo
2402,Foo
2403,Foo
2404,Foo
2405,Foo
2406,Foo
2407,Foo
2408,Foo
2409,Foo
2410,Foo
2411,Foo
2412,Foo
2413,Foo
2414,Foo
2415,Foo
2416,Foo
2417,Foo
2418,Foo
2419,Foo
2420,Foo
2421,Foo
2422,Foo
2423,Foo
2424,Foo
2425,Foo
2426,Foo
2427,Foo
2428,Foo
2429,Foo
2430,Foo
2431,Foo
2432,Foo
2433,Foo
2434,Foo
2435,Foo
2436,Foo
2437,Foo
2438,Foo
2439,Foo
2440,Foo
2441,Foo
2442,Foo
2443,Foo
2444,Foo
2445,Foo
2446,Foo
2447,Foo
2448,Foo
2449,Foo
2450,Foo
2451,Foo
2452,Foo
2453,Foo
2454,Foo
2455,Foo
2456,Foo
2457,Foo
2458,Foo
2459,Foo
2460,Foo
2461,Foo
2462,Foo
2463,Foo
2464,Foo
2465,Foo
2466,Foo
2467,Foo
2468,Foo
2469,Foo
2470,Foo
2471,Foo
2472,Foo
2473,Foo
2474,Foo
2475,Foo
2476,Foo
2477,Foo
2478,Foo
2479,Foo
2480,Foo
2481,Foo
2482,Foo
2483,Foo
2484,Foo
2485,Foo
2486,Foo
2487,Foo
2488,Foo
2489,Foo
2490,Foo
2491,Foo
2492,Foo
2493,Foo
2494,Foo
2495,Foo
2496,Foo
2497,Foo
2498,Foo
2499,Foo
2500,Foo
2501,Foo
2502,Foo
2503,Foo
2504,Foo
2505,Foo
2506,Foo
2507,Foo
2508,Foo
2509,Foo
2510,Foo
2511,Foo
2512,Foo
2513,Foo
2514,Foo
2515,Foo
2516,Foo
2517,Foo
2518,Foo
2519,Foo
2520,Foo
2521,Foo
2522,Foo
2523,Foo
2524,Foo
2525,Foo
2526,Foo
2527,Foo
2528,Foo
2529,Foo
2530,Foo
2531,Foo
2532,Foo
2533,Foo
2534,Foo
2535,Foo
2536,Foo
2537,Foo
2538,Foo
2539,Foo
2540,Foo
2541,Foo
2542,Foo
2543,Foo
2544,Foo
2545,Foo
2546,Foo
2547,Foo
2548,Foo
2549,Foo
2550,Foo
2551,Foo
2552,Foo
2553,Foo
2554,Foo
2555,Foo
2556,Foo
2557,Foo
2558,Foo
2559,Foo
2560,Foo
2561,Foo
2562,Foo
2563,Foo
2564,Foo
2565,Foo
2566,Foo
2567,Foo
2568,Foo
2569,Foo
2570,Foo
2571,Foo
2572,Foo
2573,Foo
2574,Foo
2575,Foo
2576,Foo
2577,Foo
2578,Foo
2579,Foo
2580,Foo
2581,Foo
2582,Foo
2583,Foo
2584,Foo
2585,Foo
2586,Foo
2587,Foo
2588,Foo
2589,Foo
2590,Foo
2591,Foo
2592,Foo
2593,Foo
2594,Foo
2595,Foo
2596,Foo
2597,Foo
2598,Foo
2599,Foo
2600,Foo
2601,Foo
2602,Foo
2603,Foo
2604,Foo
2605,Foo
2606,Foo
2607,Foo
2608,Foo
2609,Foo
2610,Foo
2611,Foo
2612,Foo
2613,Foo
2614,Foo
2615,Foo
2616,Foo
2617,Foo
2618,Foo
2619,Foo
2620,Foo
2621,Foo
2622,Foo
2623,Foo
2624,Foo
2625,Foo
2626,Foo
2627,Foo
2628,Foo
2629,Foo
2630,Foo
2631,Foo
2632,Foo
2633,Foo
2634,Foo
2635,Foo
2636,Foo
2637,Foo
2638,Foo
2639,Foo
2640,Foo
2641,Foo
2642,Foo
2643,Foo
2644,Foo
2645,Foo
2646,Foo
2647,Foo
2648,Foo
2649,Foo
2650,Foo
2651,Foo
2652,Foo
2653,Foo
2654,Foo
2655,Foo
2656,Foo
2657,Foo
2658,Foo
2659,Foo
2660,Foo
2661,Foo
2662,Foo
2663,Foo
2664,Foo
2665,Foo
2666,Foo
2667,Foo
2668,Foo
2669,Foo
2670,Foo
2671,Foo
2672,Foo
2673,Foo
2674,Foo
2675,Foo
2676,Foo
2677,Foo
2678,Foo
2679,Foo
2680,Foo
2681,Foo
2682,Foo
2683,Foo
2684,Foo
2685,Foo
2686,Foo
2687,Foo
2688,Foo
2689,Foo
2690,Foo
2691,Foo
2692,Foo
2693,Foo
2694,Foo
2695,Foo
2696,Foo
2697,Foo
2698,Foo
2699,Foo
2700,Foo
2701,Foo
2702,Foo
2703,Foo
2704,Foo
2705,Foo
2706,Foo
2707,Foo
2708,Foo
2709,Foo
2710,Foo
2711,Foo
2712,Foo
2713,Foo
2714,Foo
2715,Foo
2716,Foo
2717,Foo
2718,Foo
2719,Foo
2720,Foo
2721,Foo
2722,Foo
2723,Foo
2724,Foo
2725,Foo
2726,Foo
2727,Foo
2728,Foo
2729,Foo
2730,Foo
2731,Foo
2732,Foo
2733,Foo
2734,Foo
2735,Foo
2736,Foo
2737,Foo
2738,Foo
2739,Foo
2740,Foo
2741,Foo
2742,Foo
2743,Foo
2744,Foo
2745,Foo
2746,Foo
2747,Foo
2748,Foo
2749,Foo
2750,Foo
2751,Foo
2752,Foo
2753,Foo
2754,Foo
2755,Foo
2756,Foo
2757,Foo
2758,Foo
2759,Foo
2760,Foo
2761,Foo
2762,Foo
2763,Foo
2764,Foo
2765,Foo
2766,Foo
2767,Foo
2768,Foo
2769,Foo
2770,Foo
2771,Foo
2772,Foo
2773,Foo
2774,Foo
2775,Foo
2776,Foo
2777,Foo
2778,Foo
2779,Foo
2780,Foo
2781,Foo
2782,Foo
2783,Foo
2784,Foo
2785,Foo
2786,Foo
2787,Foo
2788,Foo
2789,Foo
2790,Foo
2791,Foo
2792,Foo
2793,Foo
2794,Foo
2795,Foo
2796,Foo
2797,Foo
2798,Foo
2799,Foo
2800,Foo
2801,Foo
2802,Foo
2803,Foo
2804,Foo
2805,Foo
2806,Foo
2807,Foo
2808,Foo
2809,Foo
2810,Foo
2811,Foo
2812,Foo
2813,Foo
2814,Foo
2815,Foo
2816,Foo
2817,Foo
2818,Foo
2819,Foo
2820,Foo
2821,Foo
2822,Foo
2823,Foo
2824,Foo
2825,Foo
2826,Foo
2827,Foo
2828,Foo
2829,Foo
2830,Foo
2831,Foo
2832,Foo
2833,Foo
2834,Foo
2835,Foo
2836,Foo
2837,Foo
2838,Foo
2839,Foo
2840,Foo
2841,Foo
2842,Foo
2843,Foo
2844,Foo
2845,Foo
2846,Foo
2847,Foo
2848,Foo
2849,Foo
2850,Foo
2851,Foo
2852,Foo
2853,Foo
2854,Foo
2855,Foo
2856,Foo
2857,Foo
2858,Foo
2859,Foo
2860,Foo
2861,Foo
2862,Foo
2863,Foo
2864,Foo
2865,Foo
2866,Foo
2867,Foo
2868,Foo
2869,Foo
2870,Foo
2871,Foo
2872,Foo
2873,Foo
2874,Foo
2875,Foo
2876,Foo
2877,Foo
2878,Foo
2879,Foo
2880,Foo
2881,Foo
2882,Foo
2883,Foo
2884,Foo
2885,Foo
2886,Foo
2887,Foo
2888,Foo
2889,Foo
2890,Foo
2891,Foo
2892,Foo
2893,Foo
2894,Foo
2895,Foo
2896,Foo
2897,Foo
2898,Foo
2899,Foo
2900,Foo
2901,Foo
2902,Foo
2903,Foo
2904,Foo
2905,Foo
2906,Foo
2907,Foo
2908,Foo
2909,Foo
2910,Foo
2911,Foo
2912,Foo
2913,Foo
2914,Foo
2915,Foo
2916,Foo
2917,Foo
2918,Foo
2919,Foo
2920,Foo
2921,Foo
2922,Foo
2923,Foo
2924,Foo
2925,Foo
2926,Foo
2927,Foo
2928,Foo
2929,Foo
2930,Foo
2931,Foo
2932,Foo
2933,Foo
2934,Foo
2935,Foo
2936,Foo
2937,Foo
2938,Foo
2939,Foo
2940,Foo
2941,Foo
2942,Foo
2943,Foo
2944,Foo
2945,Foo
2946,Foo
2947,Foo
2948,Foo
2949,Foo
2950,Foo
2951,Foo
2952,Foo
2953,Foo
2954,Foo
2955,Foo
2956,Foo
2957,Foo
2958,Foo
2959,Foo
2960,Foo
2961,Foo
2962,Foo
2963,Foo
2964,Foo
2965,Foo
2966,Foo
2967,Foo
2968,Foo
2969,Foo
2970,Foo
2971,Foo
2972,Foo
2973,Foo
2974,Foo
2975,Foo
2976,Foo
2977,Foo
2978,Foo
2979,Foo
2980,Foo
2981,Foo
2982,Foo
2983,Foo
2984,Foo
2985,Foo
2986,Foo
2987,Foo
2988,Foo
2989,Foo
2990,Foo
2991,Foo
2992,Foo
2993,Foo
2994,Foo
2995,Foo
2996,Foo
2997,Foo
2998,Foo
2999,Foo
3000,Foo
3001,Foo
3002,Foo
3003,Foo
3004,Foo
3005,Foo
3006,Foo
3007,Foo
3008,Foo
3009,Foo
3010,Foo
3011,Foo
3012,Foo
3013,Foo
3014,Foo
3015,Foo
3016,Foo
3017,Foo
3018,Foo
3019,Foo
3020,Foo
3021,Foo
3022,Foo
3023,Foo
3024,Foo
3025,Foo
3026,Foo
3027,Foo
3028,Foo
3029,Foo
3030,Foo
3031,Foo
3032,Foo
3033,Foo
3034,Foo
3035,Foo
3036,Foo
3037,Foo
3038,Foo
3039,Foo
3040,Foo
3041,Foo
3042,Foo
3043,Foo
3044,Foo
3045,Foo
3046,Foo
3047,Foo
3048,Foo
3049,Foo
3050,Foo
3051,Foo
3052,Foo
3053,Foo
3054,Foo
3055,Foo
3056,Foo
3057,Foo
3058,Foo
3059,Foo
3060,Foo
3061,Foo
3062,Foo
3063,Foo
3064,Foo
3065,Foo
3066,Foo
3067,Foo
3068,Foo
3069,Foo
3070,Foo
3071,Foo
3072,Foo
3073,Foo
3074,Foo
3075,Foo
3076,Foo
3077,Foo
3078,Foo
3079,Foo
3080,Foo
3081,Foo
3082,Foo
3083,Foo
3084,Foo
3085,Foo
3086,Foo
3087,Foo
3088,Foo
3089,Foo
3090,Foo
3091,Foo
3092,Foo
3093,Foo
3094,Foo
3095,Foo
3096,Foo
3097,Foo
3098,Foo
3099,Foo
3100,Foo
3101,Foo
3102,Foo
3103,Foo
3104,Foo
3105,Foo
3106,Foo
3107,Foo
3108,Foo
3109,Foo
3110,Foo
3111,Foo
3112,Foo
3113,Foo
3114,Foo
3115,Foo
3116,Foo
3117,Foo
3118,Foo
3119,Foo
3120,Foo
3121,Foo
3122,Foo
3123,Foo
3124,Foo
3125,Foo
3126,Foo
3127,Foo
3128,Foo
3129,Foo
3130,Foo
3131,Foo
3132,Foo
3133,Foo
3134,Foo
3135,Foo
3136,Foo
3137,Foo
3138,Foo
3139,Foo
3140,Foo
3141,Foo
3142,Foo
3143,Foo
3144,Foo
3145,Foo
3146,Foo
3147,Foo
3148,Foo
3149,Foo
3150,Foo
3151,Foo
3152,Foo
3153,Foo
3154,Foo
3155,Foo
3156,Foo
3157,Foo
3158,Foo
3159,Foo
3160,Foo
3161,Foo
3162,Foo
3163,Foo
3164,Foo
3165,Foo
3166,Foo
3167,Foo
3168,Foo
3169,Foo
3170,Foo
3171,Foo
3172,Foo
3173,Foo
3174,Foo
3175,Foo
3176,Foo
3177,Foo
3178,Foo
3179,Foo
3180,Foo
3181,Foo
3182,Foo
3183,Foo
3184,Foo
3185,Foo
3186,Foo
3187,Foo
3188,Foo
3189,Foo
3190,Foo
3191,Foo
3192,Foo
3193,Foo
3194,Foo
3195,Foo
3196,Foo
3197,Foo
3198,Foo
3199,Foo
3200,Foo
3201,Foo
3202,Foo
3203,Foo
3204,Foo
3205,Foo
3206,Foo
3207,Foo
3208,Foo
3209,Foo
3210,Foo
3211,Foo
3212,Foo
3213,Foo
3214,Foo
3215,Foo
3216,Foo
3217,Foo
3218,Foo
3219,Foo
3220,Foo
3221,Foo
3222,Foo
3223,Foo
3224,Foo
3225,Foo
3226,Foo
3227,Foo
3228,Foo
3229,Foo
3230,Foo
3231,Foo
3232,Foo
3233,Foo
3234,Foo
3235,Foo
3236,Foo
3237,Foo
3238,Foo
3239,Foo
3240,Foo
3241,Foo
3242,Foo
3243,Foo
3244,Foo
3245,Foo
3246,Foo
3247,Foo
3248,Foo
3249,Foo
3250,Foo
3251,Foo
3252,Foo
3253,Foo
3254,Foo
3255,Foo
3256,Foo
3257,Foo
3258,Foo
3259,Foo
3260,Foo
3261,Foo
3262,Foo
3263,Foo
3264,Foo
3265,Foo
3266,Foo
3267,Foo
3268,Foo
3269,Foo
3270,Foo
3271,Foo
